monthly_rent (€),number_of_bedrooms,number_of_bathrooms,Density per sq km,Average Income (€)
350.0,1.0,1.0,94.3,53018.0
412.775,3.0,3.0,41.6,44108.0
450.0,2.0,1.0,27.6,44833.0
466.0,3.0,2.0,68.6,46308.0
477.95,4.0,5.0,76.0,49272.0
500.0,1.0,1.0,77.5,52284.0
510.0,6.0,6.0,32.5,42674.0
543.125,4.0,3.0,68.6,46308.0
600.0,1.0,1.0,76.9,55361.0
600.0,1.0,1.0,37.1,48576.0
608.3,1.0,1.0,52.3,46782.0
650.0,2.0,1.0,68.6,46308.0
650.0,1.0,1.0,169.1,45905.0
695.1999999999999,15.0,1.0,68.6,46308.0
700.0,2.0,1.0,50.2,46510.0
700.0,8.0,8.0,52.3,46782.0
700.0,2.0,2.0,76.0,49272.0
716.925,1.0,1.0,27.6,44833.0
738.65,1.0,1.0,34.4,39156.0
750.0,1.0,1.0,42.9,41418.0
750.0,2.0,1.0,146.2,55861.0
750.0,1.0,1.0,1581.5,60804.0
800.0,2.0,1.0,50.4,40024.0
800.0,2.0,1.0,32.5,42674.0
800.0,4.0,3.0,77.5,52284.0
800.0,2.0,2.0,42.3,43183.0
800.0,2.0,1.0,1581.5,60804.0
825.0,1.0,1.0,76.0,49272.0
850.0,1.0,1.0,34.4,39156.0
850.0,2.0,1.0,69.3,42906.0
850.0,1.0,1.0,42.9,41418.0
850.0,1.0,1.0,52.3,46782.0
850.0,3.0,2.0,34.4,39156.0
850.0,1.0,1.0,1581.5,60804.0
850.0,1.0,1.0,146.2,55861.0
850.0,1.0,1.0,24.7,43480.0
850.0,2.0,1.0,69.3,42906.0
850.0,1.0,1.0,34.4,39156.0
850.0,1.0,1.0,1581.5,60804.0
870.0,1.0,1.0,146.2,55861.0
875.0,2.0,1.0,41.6,44108.0
900.0,2.0,1.0,38.2,45599.0
900.0,3.0,1.0,42.3,43183.0
900.0,1.0,1.0,69.3,42906.0
900.0,1.0,1.0,1581.5,60804.0
900.0,1.0,1.0,94.3,53018.0
900.0,1.0,1.0,69.3,42906.0
900.0,1.0,1.0,77.5,52284.0
900.0,1.0,1.0,94.3,53018.0
900.0,2.0,1.0,42.3,43183.0
900.0,1.0,1.0,69.3,42906.0
900.0,1.0,1.0,38.2,45599.0
900.0,1.0,1.0,42.9,41418.0
900.0,1.0,1.0,27.6,44833.0
909.0,2.0,1.0,77.5,52284.0
950.0,3.0,1.0,34.4,39156.0
950.0,2.0,1.0,69.3,42906.0
950.0,1.0,1.0,69.3,42906.0
950.0,2.0,1.0,24.7,43480.0
950.0,3.0,2.0,50.2,46510.0
950.0,5.0,2.0,77.5,52284.0
1000.0,1.0,1.0,169.1,45905.0
1000.0,1.0,1.0,69.3,42906.0
1000.0,2.0,2.0,32.5,42674.0
1000.0,3.0,1.0,21.9,42924.0
1000.0,1.0,1.0,69.1,44000.0
1000.0,1.0,1.0,146.2,55861.0
1000.0,1.0,1.0,32.5,42674.0
1000.0,1.0,1.0,69.1,44000.0
1000.0,2.0,1.0,34.4,39156.0
1000.0,1.0,1.0,1581.5,60804.0
1000.0,1.0,1.0,50.2,46510.0
1000.0,2.0,1.0,27.6,44833.0
1000.0,2.0,2.0,77.5,52284.0
1000.0,3.0,1.0,50.4,40024.0
1000.0,1.0,1.0,38.2,45599.0
1000.0,1.0,1.0,39.0,44678.0
1000.0,1.0,1.0,69.3,42906.0
1000.0,1.0,1.0,45.1,48765.0
1000.0,1.0,1.0,52.3,46782.0
1000.0,1.0,1.0,50.2,46510.0
1000.0,5.0,5.0,76.0,49272.0
1000.0,1.0,1.0,169.1,45905.0
1000.0,1.0,1.0,32.5,42674.0
1000.0,1.0,1.0,1581.5,60804.0
1000.0,2.0,3.0,42.3,43183.0
1000.0,2.0,1.0,69.1,44000.0
1000.0,1.0,1.0,34.4,39156.0
1000.0,1.0,1.0,146.2,55861.0
1000.0,2.0,1.0,50.2,46510.0
1050.0,1.0,1.0,34.4,39156.0
1050.0,1.0,1.0,45.1,48765.0
1050.0,3.0,1.0,34.4,39156.0
1082.0,1.0,1.0,1581.5,60804.0
1086.25,1.0,1.0,45.1,48765.0
1090.0,1.0,1.0,69.3,42906.0
1100.0,2.0,1.0,27.6,44833.0
1100.0,2.0,1.0,32.5,42674.0
1100.0,1.0,1.0,169.1,45905.0
1100.0,1.0,1.0,169.1,45905.0
1100.0,3.0,2.0,27.6,44833.0
1100.0,1.0,1.0,94.3,53018.0
1100.0,1.0,1.0,146.2,55861.0
1100.0,1.0,1.0,21.9,42924.0
1100.0,4.0,1.0,21.9,42924.0
1100.0,2.0,1.0,53.4,46563.0
1100.0,2.0,2.0,69.3,42906.0
1100.0,3.0,3.0,76.0,49272.0
1100.0,3.0,1.0,52.3,46782.0
1100.0,1.0,1.0,1581.5,60804.0
1110.0,1.0,1.0,146.2,55861.0
1148.0,1.0,1.0,1581.5,60804.0
1150.0,1.0,1.0,1581.5,60804.0
1150.0,1.0,1.0,146.2,55861.0
1150.0,2.0,2.0,169.1,45905.0
1150.0,1.0,1.0,1581.5,60804.0
1150.0,2.0,2.0,24.7,43480.0
1150.0,1.0,1.0,53.4,46563.0
1150.0,1.0,1.0,77.5,52284.0
1150.0,1.0,1.0,76.9,55361.0
1150.0,1.0,1.0,68.6,46308.0
1150.0,1.0,1.0,1581.5,60804.0
1150.0,1.0,1.0,1581.5,60804.0
1151.425,1.0,1.0,53.4,46563.0
1165.0,1.0,1.0,1581.5,60804.0
1166.0,1.0,1.0,1581.5,60804.0
1168.8049999999998,1.0,1.0,77.5,52284.0
1190.0,1.0,1.0,50.2,46510.0
1191.0,2.0,2.0,1581.5,60804.0
1200.0,2.0,1.0,69.1,44000.0
1200.0,3.0,1.0,34.4,39156.0
1200.0,3.0,2.0,37.1,48576.0
1200.0,3.0,2.0,53.4,46563.0
1200.0,3.0,3.0,21.9,42924.0
1200.0,2.0,1.0,45.1,48765.0
1200.0,2.0,1.0,45.1,48765.0
1200.0,2.0,1.0,45.1,48765.0
1200.0,2.0,1.0,45.1,48765.0
1200.0,3.0,1.0,39.0,44678.0
1200.0,2.0,2.0,38.2,45599.0
1200.0,2.0,1.0,1581.5,60804.0
1200.0,1.0,1.0,146.2,55861.0
1200.0,2.0,2.0,42.3,43183.0
1200.0,3.0,2.0,34.4,39156.0
1200.0,1.0,1.0,45.1,48765.0
1200.0,2.0,1.0,34.4,39156.0
1200.0,3.0,3.0,42.3,43183.0
1200.0,2.0,2.0,146.2,55861.0
1200.0,2.0,2.0,27.6,44833.0
1200.0,1.0,1.0,169.1,45905.0
1200.0,3.0,1.0,39.0,44678.0
1200.0,1.0,1.0,1581.5,60804.0
1200.0,2.0,2.0,27.6,44833.0
1200.0,1.0,1.0,77.5,52284.0
1200.0,3.0,1.0,94.3,53018.0
1200.0,2.0,2.0,21.9,42924.0
1200.0,1.0,1.0,77.5,52284.0
1200.0,1.0,1.0,146.2,55861.0
1200.0,3.0,1.0,37.1,48576.0
1200.0,2.0,2.0,42.3,43183.0
1200.0,1.0,1.0,39.0,44678.0
1200.0,1.0,1.0,76.9,55361.0
1200.0,1.0,1.0,77.5,52284.0
1200.0,1.0,1.0,146.2,55861.0
1200.0,2.0,2.0,69.3,42906.0
1200.0,1.0,1.0,69.1,44000.0
1200.0,2.0,1.0,76.0,49272.0
1200.0,2.0,1.0,50.4,40024.0
1200.0,3.0,1.0,37.1,48576.0
1200.0,3.0,1.0,34.4,39156.0
1216.6,1.0,1.0,146.2,55861.0
1250.0,3.0,2.0,27.6,44833.0
1250.0,3.0,3.0,39.0,44678.0
1250.0,3.0,2.0,27.6,44833.0
1250.0,3.0,1.0,42.9,41418.0
1250.0,1.0,1.0,42.3,43183.0
1250.0,3.0,1.0,42.9,41418.0
1250.0,3.0,2.0,41.6,44108.0
1250.0,2.0,1.0,41.6,44108.0
1250.0,1.0,1.0,45.1,48765.0
1250.0,2.0,2.0,41.6,44108.0
1250.0,1.0,1.0,146.2,55861.0
1250.0,2.0,1.0,41.6,44108.0
1250.0,2.0,1.0,27.6,44833.0
1250.0,2.0,2.0,42.3,43183.0
1272.0,1.0,1.0,1581.5,60804.0
1275.0,3.0,3.0,32.5,42674.0
1275.0,3.0,1.0,42.9,41418.0
1275.0,2.0,1.0,42.9,41418.0
1275.0,3.0,1.0,50.4,40024.0
1276.0,2.0,1.0,94.3,53018.0
1285.0,2.0,1.0,169.1,45905.0
1290.0,3.0,1.0,39.0,44678.0
1300.0,2.0,1.0,39.0,44678.0
1300.0,2.0,1.0,21.9,42924.0
1300.0,1.0,1.0,24.7,43480.0
1300.0,3.0,1.0,37.1,48576.0
1300.0,2.0,2.0,21.9,42924.0
1300.0,2.0,2.0,69.3,42906.0
1300.0,2.0,1.0,32.5,42674.0
1300.0,3.0,1.0,32.5,42674.0
1300.0,2.0,1.0,27.6,44833.0
1300.0,2.0,1.0,45.1,48765.0
1300.0,2.0,2.0,32.5,42674.0
1300.0,3.0,2.0,32.5,42674.0
1300.0,1.0,1.0,77.5,52284.0
1300.0,2.0,1.0,45.1,48765.0
1300.0,2.0,2.0,69.3,42906.0
1300.0,5.0,2.0,34.4,39156.0
1300.0,2.0,2.0,32.5,42674.0
1300.0,4.0,3.0,42.3,43183.0
1300.0,1.0,1.0,52.3,46782.0
1300.0,1.0,2.0,32.5,42674.0
1300.0,2.0,1.0,50.2,46510.0
1300.0,1.0,1.0,1581.5,60804.0
1300.0,2.0,2.0,34.4,39156.0
1300.0,1.0,1.0,1581.5,60804.0
1304.0,1.0,1.0,146.2,55861.0
1330.0,1.0,1.0,77.5,52284.0
1346.0,1.0,1.0,1581.5,60804.0
1347.0,2.0,1.0,146.2,55861.0
1350.0,3.0,1.0,39.0,44678.0
1350.0,2.0,2.0,39.0,44678.0
1350.0,3.0,3.0,77.5,52284.0
1350.0,2.0,2.0,27.6,44833.0
1350.0,2.0,1.0,77.5,52284.0
1350.0,3.0,3.0,69.3,42906.0
1350.0,1.0,2.0,77.5,52284.0
1350.0,2.0,2.0,69.3,42906.0
1350.0,3.0,3.0,37.1,48576.0
1350.0,3.0,1.0,42.9,41418.0
1350.0,2.0,2.0,24.7,43480.0
1350.0,2.0,1.0,94.3,53018.0
1350.0,2.0,1.0,32.5,42674.0
1350.0,3.0,1.0,42.9,41418.0
1350.0,2.0,2.0,21.9,42924.0
1350.0,3.0,1.0,77.5,52284.0
1350.0,3.0,3.0,37.1,48576.0
1350.0,3.0,1.0,42.9,41418.0
1359.0,2.0,1.0,146.2,55861.0
1375.0,1.0,1.0,146.2,55861.0
1388.0,1.0,1.0,1581.5,60804.0
1390.0,1.0,2.0,76.9,55361.0
1395.0,1.0,1.0,45.1,48765.0
1395.0,1.0,1.0,169.1,45905.0
1395.0,1.0,1.0,1581.5,60804.0
1400.0,1.0,1.0,1581.5,60804.0
1400.0,3.0,1.0,24.7,43480.0
1400.0,3.0,3.0,53.4,46563.0
1400.0,1.0,1.0,52.3,46782.0
1400.0,3.0,2.0,42.9,41418.0
1400.0,2.0,1.0,50.4,40024.0
1400.0,3.0,3.0,34.4,39156.0
1400.0,2.0,1.0,32.5,42674.0
1400.0,1.0,1.0,1581.5,60804.0
1400.0,3.0,3.0,69.3,42906.0
1400.0,3.0,3.0,50.4,40024.0
1400.0,1.0,1.0,1581.5,60804.0
1400.0,4.0,3.0,24.7,43480.0
1400.0,2.0,2.0,24.7,43480.0
1400.0,2.0,1.0,69.1,44000.0
1400.0,3.0,1.0,38.2,45599.0
1400.0,3.0,2.0,77.5,52284.0
1400.0,3.0,1.0,69.3,42906.0
1400.0,4.0,3.0,69.3,42906.0
1400.0,3.0,3.0,53.4,46563.0
1400.0,2.0,1.0,39.0,44678.0
1400.0,1.0,1.0,146.2,55861.0
1400.0,3.0,1.0,69.3,42906.0
1400.0,3.0,2.0,77.5,52284.0
1400.0,3.0,1.0,169.1,45905.0
1400.0,3.0,2.0,77.5,52284.0
1400.0,1.0,1.0,1581.5,60804.0
1400.0,3.0,3.0,69.3,42906.0
1400.0,3.0,1.0,38.2,45599.0
1400.0,2.0,1.0,69.3,42906.0
1400.0,2.0,1.0,37.1,48576.0
1400.0,3.0,2.0,34.4,39156.0
1400.0,1.0,1.0,68.6,46308.0
1400.0,2.0,1.0,77.5,52284.0
1400.0,3.0,1.0,45.1,48765.0
1400.0,2.0,1.0,69.3,42906.0
1400.0,1.0,1.0,1581.5,60804.0
1400.0,2.0,2.0,52.3,46782.0
1404.0,2.0,1.0,146.2,55861.0
1408.0,1.0,1.0,1581.5,60804.0
1420.0,2.0,1.0,68.6,46308.0
1427.0,1.0,1.0,1581.5,60804.0
1433.85,3.0,1.0,45.1,48765.0
1441.0,4.0,4.0,37.1,48576.0
1441.0,1.0,1.0,1581.5,60804.0
1446.0,1.0,1.0,1581.5,60804.0
1450.0,2.0,1.0,77.5,52284.0
1450.0,2.0,1.0,52.3,46782.0
1450.0,3.0,3.0,24.7,43480.0
1450.0,5.0,3.0,24.7,43480.0
1450.0,2.0,1.0,146.2,55861.0
1450.0,3.0,3.0,50.4,40024.0
1450.0,2.0,2.0,169.1,45905.0
1450.0,3.0,1.0,21.9,42924.0
1450.0,4.0,3.0,77.5,52284.0
1450.0,4.0,3.0,50.4,40024.0
1450.0,1.0,1.0,1581.5,60804.0
1456.0,2.0,1.0,1581.5,60804.0
1456.0,4.0,3.0,37.1,48576.0
1459.0,3.0,1.0,1581.5,60804.0
1472.0,1.0,1.0,1581.5,60804.0
1475.0,2.0,2.0,169.1,45905.0
1486.0,1.0,1.0,1581.5,60804.0
1485.99,1.0,1.0,1581.5,60804.0
1500.0,1.0,1.0,146.2,55861.0
1500.0,3.0,3.0,27.6,44833.0
1500.0,2.0,1.0,77.5,52284.0
1500.0,4.0,1.0,32.5,42674.0
1500.0,1.0,1.0,146.2,55861.0
1500.0,4.0,1.0,34.4,39156.0
1500.0,3.0,1.0,37.1,48576.0
1500.0,4.0,2.0,68.6,46308.0
1500.0,3.0,1.0,50.4,40024.0
1500.0,3.0,2.0,50.4,40024.0
1500.0,3.0,2.0,69.3,42906.0
1500.0,4.0,2.0,34.4,39156.0
1500.0,1.0,1.0,94.3,53018.0
1500.0,2.0,1.0,77.5,52284.0
1500.0,2.0,1.0,169.1,45905.0
1500.0,4.0,2.0,69.3,42906.0
1500.0,4.0,1.0,45.1,48765.0
1500.0,2.0,1.0,41.6,44108.0
1500.0,1.0,1.0,1581.5,60804.0
1500.0,4.0,1.0,32.5,42674.0
1500.0,6.0,5.0,34.4,39156.0
1500.0,3.0,1.0,77.5,52284.0
1500.0,2.0,1.0,50.2,46510.0
1500.0,3.0,4.0,94.3,53018.0
1500.0,4.0,3.0,34.4,39156.0
1500.0,2.0,1.0,76.0,49272.0
1500.0,1.0,1.0,77.5,52284.0
1500.0,3.0,1.0,69.1,44000.0
1500.0,2.0,1.0,52.3,46782.0
1500.0,4.0,3.0,77.5,52284.0
1500.0,2.0,2.0,32.5,42674.0
1500.0,3.0,3.0,53.4,46563.0
1500.0,2.0,1.0,1581.5,60804.0
1500.0,2.0,2.0,69.1,44000.0
1500.0,3.0,1.0,45.1,48765.0
1500.0,3.0,1.0,34.4,39156.0
1500.0,2.0,1.0,50.2,46510.0
1500.0,2.0,1.0,50.4,40024.0
1500.0,3.0,2.0,69.3,42906.0
1500.0,2.0,1.0,68.6,46308.0
1500.0,4.0,3.0,24.7,43480.0
1500.0,3.0,1.0,42.9,41418.0
1500.0,4.0,2.0,24.7,43480.0
1500.0,2.0,1.0,50.4,40024.0
1500.0,2.0,1.0,1581.5,60804.0
1500.0,3.0,1.0,34.4,39156.0
1500.0,3.0,3.0,42.3,43183.0
1500.0,4.0,1.0,32.5,42674.0
1500.0,2.0,1.0,68.6,46308.0
1500.0,1.0,1.0,1581.5,60804.0
1500.0,3.0,3.0,1581.5,60804.0
1500.0,1.0,1.0,45.1,48765.0
1501.0,1.0,1.0,1581.5,60804.0
1516.0,1.0,1.0,1581.5,60804.0
1521.0,2.0,1.0,69.3,42906.0
1521.0,2.0,1.0,69.3,42906.0
1530.0,2.0,2.0,1581.5,60804.0
1542.475,1.0,1.0,169.1,45905.0
1546.0,1.0,1.0,1581.5,60804.0
1550.0,2.0,1.0,68.6,46308.0
1550.0,3.0,3.0,34.4,39156.0
1550.0,3.0,3.0,24.7,43480.0
1550.0,3.0,1.0,37.1,48576.0
1550.0,1.0,1.0,146.2,55861.0
1550.0,1.0,1.0,1581.5,60804.0
1550.0,1.0,1.0,1581.5,60804.0
1550.0,1.0,1.0,32.5,42674.0
1550.0,5.0,3.0,27.6,44833.0
1550.0,1.0,1.0,1581.5,60804.0
1559.0,1.0,1.0,1581.5,60804.0
1564.0,1.0,1.0,1581.5,60804.0
1571.0,1.0,1.0,1581.5,60804.0
1575.0,2.0,1.0,77.5,52284.0
1575.0,1.0,1.0,77.5,52284.0
1575.0,1.0,1.0,1581.5,60804.0
1580.0,4.0,3.0,94.3,53018.0
1581.0,1.0,1.0,1581.5,60804.0
1583.0,2.0,1.0,1581.5,60804.0
1587.0,2.0,2.0,77.5,52284.0
1595.0,4.0,3.0,32.5,42674.0
1600.0,4.0,1.0,38.2,45599.0
1600.0,2.0,1.0,1581.5,60804.0
1600.0,1.0,1.0,1581.5,60804.0
1600.0,4.0,3.0,39.0,44678.0
1600.0,5.0,1.0,34.4,39156.0
1600.0,2.0,1.0,146.2,55861.0
1600.0,3.0,2.0,1581.5,60804.0
1600.0,1.0,1.0,1581.5,60804.0
1600.0,3.0,1.0,69.3,42906.0
1600.0,4.0,5.0,69.1,44000.0
1600.0,2.0,1.0,68.6,46308.0
1600.0,3.0,3.0,32.5,42674.0
1600.0,2.0,1.0,1581.5,60804.0
1600.0,3.0,3.0,42.3,43183.0
1600.0,4.0,3.0,39.0,44678.0
1600.0,4.0,2.0,77.5,52284.0
1600.0,3.0,2.0,68.6,46308.0
1600.0,2.0,1.0,1581.5,60804.0
1600.0,3.0,2.0,32.5,42674.0
1600.0,3.0,1.0,69.3,42906.0
1600.0,4.0,3.0,68.6,46308.0
1600.0,4.0,4.0,53.4,46563.0
1600.0,1.0,1.0,1581.5,60804.0
1600.0,1.0,1.0,1581.5,60804.0
1600.0,3.0,1.0,27.6,44833.0
1600.0,2.0,2.0,53.4,46563.0
1600.0,1.0,1.0,1581.5,60804.0
1600.0,2.0,2.0,68.6,46308.0
1600.0,4.0,2.0,42.3,43183.0
1600.0,4.0,2.0,50.2,46510.0
1600.0,4.0,3.0,42.3,43183.0
1600.0,3.0,3.0,76.0,49272.0
1600.0,1.0,1.0,1581.5,60804.0
1611.0,2.0,1.0,76.9,55361.0
1625.0,1.0,1.0,1581.5,60804.0
1625.0,1.0,1.0,1581.5,60804.0
1632.0,1.0,1.0,68.6,46308.0
1642.0,1.0,1.0,1581.5,60804.0
1650.0,2.0,1.0,52.3,46782.0
1650.0,3.0,3.0,77.5,52284.0
1650.0,1.0,1.0,1581.5,60804.0
1650.0,2.0,1.0,1581.5,60804.0
1650.0,5.0,2.0,69.3,42906.0
1650.0,3.0,2.0,37.1,48576.0
1650.0,1.0,1.0,146.2,55861.0
1650.0,3.0,2.0,69.1,44000.0
1650.0,4.0,2.0,32.5,42674.0
1650.0,2.0,1.0,68.6,46308.0
1650.0,2.0,1.0,1581.5,60804.0
1650.0,3.0,2.0,69.1,44000.0
1650.0,1.0,1.0,1581.5,60804.0
1650.0,2.0,1.0,169.1,45905.0
1650.0,3.0,1.0,45.1,48765.0
1650.0,2.0,1.0,94.3,53018.0
1650.0,2.0,1.0,52.3,46782.0
1650.0,3.0,1.0,39.0,44678.0
1650.0,1.0,1.0,1581.5,60804.0
1650.0,1.0,1.0,1581.5,60804.0
1650.0,4.0,3.0,76.0,49272.0
1652.0,2.0,1.0,45.1,48765.0
1661.0,2.0,1.0,77.5,52284.0
1670.0,1.0,1.0,1581.5,60804.0
1672.0,2.0,2.0,1581.5,60804.0
1675.0,3.0,3.0,42.3,43183.0
1675.0,1.0,1.0,77.5,52284.0
1675.0,1.0,1.0,1581.5,60804.0
1681.0,1.0,1.0,1581.5,60804.0
1683.0,1.0,1.0,1581.5,60804.0
1683.0,1.0,1.0,1581.5,60804.0
1685.0,1.0,1.0,1581.5,60804.0
1690.0,1.0,1.0,1581.5,60804.0
1692.0,1.0,1.0,1581.5,60804.0
1695.0,1.0,1.0,1581.5,60804.0
1696.0,2.0,1.0,77.5,52284.0
1698.0,1.0,1.0,1581.5,60804.0
1699.0,2.0,1.0,1581.5,60804.0
1700.0,2.0,1.0,169.1,45905.0
1700.0,2.0,2.0,68.6,46308.0
1700.0,2.0,2.0,76.0,49272.0
1700.0,2.0,2.0,76.9,55361.0
1700.0,2.0,2.0,45.1,48765.0
1700.0,2.0,1.0,1581.5,60804.0
1700.0,3.0,2.0,69.3,42906.0
1700.0,1.0,1.0,1581.5,60804.0
1700.0,1.0,1.0,146.2,55861.0
1700.0,1.0,1.0,1581.5,60804.0
1700.0,3.0,2.0,68.6,46308.0
1700.0,1.0,1.0,1581.5,60804.0
1700.0,1.0,1.0,1581.5,60804.0
1700.0,3.0,1.0,69.3,42906.0
1700.0,3.0,3.0,37.1,48576.0
1700.0,1.0,1.0,76.9,55361.0
1700.0,1.0,1.0,146.2,55861.0
1700.0,1.0,1.0,1581.5,60804.0
1700.0,1.0,1.0,1581.5,60804.0
1700.0,2.0,1.0,1581.5,60804.0
1700.0,2.0,1.0,1581.5,60804.0
1710.0,1.0,1.0,1581.5,60804.0
1713.0,2.0,1.0,1581.5,60804.0
1722.0,1.0,1.0,1581.5,60804.0
1727.0,1.0,1.0,1581.5,60804.0
1736.0,3.0,3.0,77.5,52284.0
1738.0,1.0,1.0,1581.5,60804.0
1738.0,1.0,1.0,77.5,52284.0
1750.0,3.0,3.0,53.4,46563.0
1750.0,3.0,3.0,77.5,52284.0
1750.0,3.0,3.0,32.5,42674.0
1750.0,3.0,2.0,76.9,55361.0
1750.0,3.0,2.0,32.5,42674.0
1750.0,1.0,1.0,1581.5,60804.0
1750.0,3.0,1.0,94.3,53018.0
1750.0,1.0,1.0,1581.5,60804.0
1750.0,1.0,1.0,1581.5,60804.0
1750.0,1.0,1.0,1581.5,60804.0
1750.0,1.0,1.0,146.2,55861.0
1750.0,1.0,1.0,1581.5,60804.0
1750.0,1.0,1.0,1581.5,60804.0
1750.0,1.0,1.0,1581.5,60804.0
1750.0,4.0,3.0,42.3,43183.0
1754.0,1.0,1.0,1581.5,60804.0
1759.0,3.0,3.0,77.5,52284.0
1766.0,2.0,2.0,146.2,55861.0
1775.0,1.0,1.0,1581.5,60804.0
1775.0,1.0,1.0,1581.5,60804.0
1775.0,1.0,1.0,1581.5,60804.0
1780.0,1.0,1.0,1581.5,60804.0
1782.0,4.0,3.0,45.1,48765.0
1782.0,1.0,1.0,1581.5,60804.0
1782.0,2.0,2.0,1581.5,60804.0
1784.0,1.0,1.0,1581.5,60804.0
1785.0,1.0,1.0,1581.5,60804.0
1790.0,1.0,1.0,1581.5,60804.0
1795.0,2.0,1.0,53.4,46563.0
1795.0,1.0,1.0,1581.5,60804.0
1795.0,1.0,1.0,1581.5,60804.0
1800.0,4.0,1.0,76.9,55361.0
1800.0,2.0,1.0,76.9,55361.0
1800.0,4.0,3.0,76.0,49272.0
1800.0,1.0,1.0,77.5,52284.0
1800.0,2.0,1.0,146.2,55861.0
1800.0,3.0,4.0,45.1,48765.0
1800.0,2.0,2.0,52.3,46782.0
1800.0,1.0,1.0,94.3,53018.0
1800.0,2.0,2.0,52.3,46782.0
1800.0,2.0,2.0,77.5,52284.0
1800.0,4.0,2.0,45.1,48765.0
1800.0,4.0,3.0,21.9,42924.0
1800.0,4.0,2.0,37.1,48576.0
1800.0,2.0,2.0,146.2,55861.0
1800.0,3.0,1.0,94.3,53018.0
1800.0,3.0,1.0,37.1,48576.0
1800.0,2.0,1.0,52.3,46782.0
1800.0,1.0,1.0,1581.5,60804.0
1800.0,1.0,1.0,1581.5,60804.0
1800.0,3.0,2.0,1581.5,60804.0
1800.0,1.0,1.0,1581.5,60804.0
1800.0,3.0,1.0,45.1,48765.0
1800.0,3.0,3.0,69.1,44000.0
1800.0,4.0,3.0,42.3,43183.0
1800.0,4.0,2.0,94.3,53018.0
1800.0,1.0,1.0,1581.5,60804.0
1800.0,3.0,1.0,169.1,45905.0
1800.0,3.0,3.0,77.5,52284.0
1800.0,2.0,2.0,52.3,46782.0
1800.0,1.0,1.0,1581.5,60804.0
1800.0,1.0,1.0,1581.5,60804.0
1800.0,1.0,1.0,1581.5,60804.0
1800.0,1.0,1.0,1581.5,60804.0
1800.0,1.0,1.0,1581.5,60804.0
1800.0,4.0,2.0,69.3,42906.0
1800.0,1.0,1.0,1581.5,60804.0
1800.0,1.0,1.0,1581.5,60804.0
1800.0,4.0,2.0,69.3,42906.0
1800.0,5.0,4.0,77.5,52284.0
1800.0,1.0,1.0,1581.5,60804.0
1800.0,2.0,1.0,45.1,48765.0
1800.0,2.0,2.0,69.3,42906.0
1800.0,5.0,2.0,76.0,49272.0
1800.0,1.0,1.0,1581.5,60804.0
1800.0,3.0,2.0,77.5,52284.0
1800.0,2.0,1.0,68.6,46308.0
1800.0,3.0,2.0,68.6,46308.0
1800.0,2.0,1.0,45.1,48765.0
1800.0,4.0,3.0,42.3,43183.0
1800.0,1.0,2.0,77.5,52284.0
1800.0,3.0,2.0,45.1,48765.0
1800.0,3.0,3.0,27.6,44833.0
1800.0,3.0,2.0,42.9,41418.0
1800.0,1.0,1.0,1581.5,60804.0
1800.0,1.0,1.0,1581.5,60804.0
1800.0,3.0,3.0,32.5,42674.0
1800.0,4.0,2.0,24.7,43480.0
1800.0,1.0,1.0,1581.5,60804.0
1800.0,2.0,1.0,1581.5,60804.0
1800.0,3.0,1.0,45.1,48765.0
1800.0,2.0,1.0,1581.5,60804.0
1800.0,3.0,2.0,77.5,52284.0
1800.0,3.0,3.0,69.1,44000.0
1808.0,1.0,1.0,1581.5,60804.0
1813.0,4.0,3.0,52.3,46782.0
1814.0,3.0,3.0,76.0,49272.0
1817.0,3.0,3.0,76.9,55361.0
1821.0,1.0,1.0,1581.5,60804.0
1825.0,2.0,1.0,77.5,52284.0
1845.0,2.0,1.0,1581.5,60804.0
1850.0,1.0,1.0,1581.5,60804.0
1850.0,3.0,3.0,50.2,46510.0
1850.0,1.0,1.0,1581.5,60804.0
1850.0,3.0,3.0,39.0,44678.0
1850.0,4.0,1.0,146.2,55861.0
1850.0,2.0,1.0,1581.5,60804.0
1850.0,1.0,1.0,1581.5,60804.0
1850.0,1.0,1.0,1581.5,60804.0
1850.0,1.0,1.0,1581.5,60804.0
1850.0,2.0,1.0,94.3,53018.0
1850.0,1.0,1.0,1581.5,60804.0
1850.0,2.0,1.0,94.3,53018.0
1850.0,1.0,1.0,1581.5,60804.0
1850.0,1.0,1.0,1581.5,60804.0
1850.0,1.0,1.0,1581.5,60804.0
1850.0,3.0,2.0,41.6,44108.0
1850.0,1.0,1.0,1581.5,60804.0
1861.0,3.0,3.0,68.6,46308.0
1863.0,1.0,1.0,1581.5,60804.0
1870.0,2.0,2.0,45.1,48765.0
1872.0,2.0,1.0,1581.5,60804.0
1952.0,1.0,1.0,1581.5,60804.0
1883.0,1.0,1.0,1581.5,60804.0
1890.0,1.0,1.0,1581.5,60804.0
1895.0,1.0,1.0,1581.5,60804.0
1895.0,1.0,1.0,1581.5,60804.0
1895.0,4.0,2.0,45.1,48765.0
1900.0,2.0,1.0,77.5,52284.0
1900.0,1.0,1.0,1581.5,60804.0
1900.0,2.0,1.0,1581.5,60804.0
1900.0,1.0,2.0,77.5,52284.0
1900.0,1.0,1.0,1581.5,60804.0
1900.0,1.0,1.0,1581.5,60804.0
1900.0,1.0,1.0,77.5,52284.0
1900.0,4.0,1.0,169.1,45905.0
1900.0,3.0,1.0,1581.5,60804.0
1900.0,2.0,1.0,76.0,49272.0
1900.0,2.0,2.0,42.9,41418.0
1900.0,3.0,2.0,1581.5,60804.0
1900.0,1.0,1.0,146.2,55861.0
1900.0,1.0,1.0,1581.5,60804.0
1900.0,4.0,2.0,69.3,42906.0
1900.0,1.0,1.0,1581.5,60804.0
1900.0,1.0,1.0,1581.5,60804.0
1900.0,1.0,1.0,1581.5,60804.0
1900.0,2.0,2.0,77.5,52284.0
1900.0,1.0,1.0,1581.5,60804.0
1900.0,1.0,1.0,1581.5,60804.0
1900.0,3.0,1.0,94.3,53018.0
1900.0,2.0,1.0,76.0,49272.0
1900.0,3.0,1.0,1581.5,60804.0
1900.0,2.0,1.0,146.2,55861.0
1900.0,4.0,2.0,94.3,53018.0
1902.0,2.0,1.0,1581.5,60804.0
1910.0,2.0,2.0,1581.5,60804.0
1915.0,3.0,2.0,1581.5,60804.0
1928.0,2.0,2.0,1581.5,60804.0
1930.0,2.0,2.0,1581.5,60804.0
1935.0,2.0,1.0,1581.5,60804.0
1950.0,3.0,2.0,50.4,40024.0
1950.0,3.0,2.0,45.1,48765.0
1950.0,3.0,1.0,94.3,53018.0
1950.0,3.0,1.0,94.3,53018.0
1950.0,2.0,2.0,68.6,46308.0
1950.0,1.0,1.0,1581.5,60804.0
1950.0,3.0,1.0,77.5,52284.0
1950.0,1.0,1.0,1581.5,60804.0
1950.0,3.0,1.0,45.1,48765.0
1950.0,4.0,3.0,169.1,45905.0
1950.0,4.0,2.0,45.1,48765.0
1950.0,1.0,1.0,1581.5,60804.0
1950.0,2.0,2.0,146.2,55861.0
1950.0,3.0,2.0,94.3,53018.0
1950.0,1.0,1.0,1581.5,60804.0
1950.0,1.0,1.0,1581.5,60804.0
1950.0,1.0,1.0,1581.5,60804.0
1950.0,2.0,2.0,77.5,52284.0
1950.0,2.0,1.0,77.5,52284.0
1955.25,1.0,1.0,1581.5,60804.0
1974.0,1.0,1.0,1581.5,60804.0
1975.0,4.0,4.0,69.3,42906.0
1975.0,2.0,1.0,1581.5,60804.0
1975.0,1.0,1.0,76.0,49272.0
1975.0,3.0,1.0,146.2,55861.0
1975.0,1.0,1.0,1581.5,60804.0
1975.0,3.0,3.0,1581.5,60804.0
1976.0,2.0,1.0,1581.5,60804.0
1982.0,2.0,2.0,1581.5,60804.0
1985.0,1.0,1.0,1581.5,60804.0
1990.0,1.0,1.0,1581.5,60804.0
1995.0,1.0,1.0,1581.5,60804.0
1999.0,3.0,2.0,169.1,45905.0
2000.0,3.0,2.0,38.2,45599.0
2000.0,4.0,2.0,94.3,53018.0
2000.0,2.0,1.0,1581.5,60804.0
2000.0,3.0,2.0,76.0,49272.0
2000.0,3.0,1.0,37.1,48576.0
2000.0,3.0,2.0,45.1,48765.0
2000.0,2.0,2.0,45.1,48765.0
2000.0,3.0,2.0,45.1,48765.0
2000.0,2.0,2.0,146.2,55861.0
2000.0,4.0,2.0,77.5,52284.0
2000.0,2.0,1.0,146.2,55861.0
2000.0,5.0,1.0,77.5,52284.0
2000.0,4.0,1.0,53.4,46563.0
2000.0,3.0,2.0,69.1,44000.0
2000.0,3.0,1.0,94.3,53018.0
2000.0,4.0,3.0,45.1,48765.0
2000.0,3.0,3.0,146.2,55861.0
2000.0,3.0,1.0,37.1,48576.0
2000.0,3.0,2.0,45.1,48765.0
2000.0,2.0,1.0,53.4,46563.0
2000.0,3.0,2.0,77.5,52284.0
1998.7,3.0,2.0,76.0,49272.0
2000.0,2.0,1.0,146.2,55861.0
2000.0,3.0,2.0,68.6,46308.0
2000.0,1.0,1.0,1581.5,60804.0
2000.0,1.0,1.0,1581.5,60804.0
2000.0,4.0,1.0,37.1,48576.0
2000.0,3.0,2.0,77.5,52284.0
2000.0,1.0,2.0,76.0,49272.0
2000.0,3.0,2.0,94.3,53018.0
2000.0,2.0,2.0,76.9,55361.0
2000.0,2.0,1.0,76.9,55361.0
2000.0,2.0,1.0,169.1,45905.0
2000.0,2.0,2.0,1581.5,60804.0
2000.0,2.0,1.0,146.2,55861.0
2000.0,1.0,2.0,1581.5,60804.0
2000.0,1.0,1.0,1581.5,60804.0
2000.0,3.0,3.0,146.2,55861.0
2000.0,1.0,1.0,1581.5,60804.0
2000.0,4.0,3.0,32.5,42674.0
2000.0,3.0,3.0,76.0,49272.0
2000.0,4.0,2.0,76.0,49272.0
2000.0,1.0,1.0,1581.5,60804.0
2000.0,5.0,2.0,169.1,45905.0
2000.0,3.0,1.0,68.6,46308.0
2000.0,1.0,1.0,1581.5,60804.0
2000.0,4.0,4.0,94.3,53018.0
2000.0,3.0,1.0,68.6,46308.0
2000.0,3.0,3.0,77.5,52284.0
2000.0,1.0,1.0,76.9,55361.0
2000.0,2.0,2.0,37.1,48576.0
2000.0,2.0,2.0,1581.5,60804.0
2000.0,2.0,2.0,1581.5,60804.0
2000.0,3.0,1.0,146.2,55861.0
2000.0,1.0,1.0,1581.5,60804.0
2000.0,3.0,1.0,68.6,46308.0
2000.0,3.0,3.0,77.5,52284.0
2000.0,2.0,2.0,37.1,48576.0
2000.0,1.0,1.0,1581.5,60804.0
2000.0,2.0,2.0,146.2,55861.0
2000.0,3.0,3.0,77.5,52284.0
2000.0,5.0,3.0,45.1,48765.0
2000.0,2.0,2.0,77.5,52284.0
2000.0,1.0,1.0,1581.5,60804.0
2000.0,3.0,1.0,45.1,48765.0
2000.0,2.0,2.0,45.1,48765.0
2000.0,3.0,1.0,45.1,48765.0
2000.0,3.0,1.0,45.1,48765.0
2000.0,2.0,1.0,76.9,55361.0
2000.0,4.0,2.0,169.1,45905.0
2000.0,2.0,2.0,146.2,55861.0
2000.0,3.0,3.0,77.5,52284.0
2000.0,4.0,2.0,45.1,48765.0
2000.0,1.0,1.0,1581.5,60804.0
2000.0,5.0,4.0,27.6,44833.0
2000.0,2.0,1.0,1581.5,60804.0
2000.0,2.0,2.0,1581.5,60804.0
2000.0,2.0,2.0,146.2,55861.0
2000.0,2.0,1.0,1581.5,60804.0
2000.0,1.0,1.0,1581.5,60804.0
2000.0,2.0,2.0,169.1,45905.0
2000.0,3.0,1.0,77.5,52284.0
2003.0,1.0,1.0,1581.5,60804.0
2006.0,2.0,1.0,1581.5,60804.0
2010.0,2.0,1.0,1581.5,60804.0
2010.0,2.0,2.0,1581.5,60804.0
2019.0,1.0,1.0,1581.5,60804.0
2028.0,2.0,1.0,76.9,55361.0
2030.0,2.0,2.0,1581.5,60804.0
2033.0,2.0,1.0,1581.5,60804.0
2039.0,2.0,2.0,1581.5,60804.0
2045.0,4.0,2.0,76.9,55361.0
2050.0,1.0,1.0,1581.5,60804.0
2050.0,1.0,2.0,1581.5,60804.0
2050.0,1.0,1.0,1581.5,60804.0
2050.0,2.0,1.0,1581.5,60804.0
2055.0,1.0,1.0,1581.5,60804.0
2062.0,3.0,2.0,1581.5,60804.0
2063.0,1.0,1.0,1581.5,60804.0
2067.0,1.0,1.0,1581.5,60804.0
2076.0,1.0,1.0,1581.5,60804.0
2078.0,1.0,1.0,1581.5,60804.0
2080.0,4.0,3.0,1581.5,60804.0
2080.0,3.0,2.0,146.2,55861.0
2085.0,2.0,1.0,1581.5,60804.0
2090.0,1.0,1.0,1581.5,60804.0
2093.0,1.0,1.0,1581.5,60804.0
2094.0,4.0,3.0,69.3,42906.0
2095.0,1.0,1.0,1581.5,60804.0
2100.0,1.0,1.0,1581.5,60804.0
2100.0,4.0,4.0,27.6,44833.0
2100.0,2.0,2.0,1581.5,60804.0
2100.0,2.0,1.0,1581.5,60804.0
2100.0,1.0,1.0,1581.5,60804.0
2100.0,3.0,1.0,77.5,52284.0
2100.0,2.0,2.0,1581.5,60804.0
2100.0,2.0,2.0,1581.5,60804.0
2100.0,1.0,1.0,1581.5,60804.0
2100.0,2.0,2.0,1581.5,60804.0
2100.0,2.0,1.0,1581.5,60804.0
2100.0,1.0,1.0,45.1,48765.0
2100.0,2.0,1.0,1581.5,60804.0
2100.0,2.0,1.0,1581.5,60804.0
2100.0,3.0,2.0,169.1,45905.0
2100.0,1.0,1.0,1581.5,60804.0
2100.0,2.0,2.0,77.5,52284.0
2100.0,3.0,1.0,94.3,53018.0
2100.0,1.0,1.0,1581.5,60804.0
2100.0,2.0,2.0,1581.5,60804.0
2110.0,2.0,2.0,1581.5,60804.0
2112.0,2.0,1.0,1581.5,60804.0
2125.0,1.0,1.0,1581.5,60804.0
2133.0,4.0,3.0,146.2,55861.0
2140.0,2.0,2.0,1581.5,60804.0
2142.0,3.0,2.0,76.9,55361.0
2142.0,2.0,2.0,1581.5,60804.0
2144.0,1.0,2.0,1581.5,60804.0
2144.0,3.0,1.0,1581.5,60804.0
2145.0,2.0,1.0,1581.5,60804.0
2150.0,3.0,1.0,94.3,53018.0
2150.0,2.0,2.0,76.0,49272.0
2150.0,1.0,1.0,1581.5,60804.0
2150.0,1.0,1.0,1581.5,60804.0
2150.0,1.0,1.0,1581.5,60804.0
2150.0,1.0,2.0,77.5,52284.0
2150.0,2.0,1.0,76.9,55361.0
2156.0,2.0,2.0,77.5,52284.0
2165.0,2.0,1.0,1581.5,60804.0
2166.0,1.0,1.0,1581.5,60804.0
2167.0,2.0,2.0,1581.5,60804.0
2167.0,2.0,1.0,1581.5,60804.0
2170.0,2.0,1.0,1581.5,60804.0
2173.0,3.0,2.0,1581.5,60804.0
2175.0,2.0,1.0,1581.5,60804.0
2180.0,4.0,3.0,146.2,55861.0
2195.0,5.0,4.0,77.5,52284.0
2200.0,2.0,2.0,45.1,48765.0
2200.0,3.0,2.0,45.1,48765.0
2200.0,4.0,3.0,68.6,46308.0
2200.0,2.0,1.0,1581.5,60804.0
2200.0,2.0,2.0,45.1,48765.0
2200.0,4.0,1.0,146.2,55861.0
2200.0,3.0,1.0,146.2,55861.0
2200.0,4.0,2.0,50.2,46510.0
2200.0,2.0,1.0,1581.5,60804.0
2200.0,4.0,4.0,77.5,52284.0
2200.0,4.0,2.0,77.5,52284.0
2200.0,2.0,1.0,1581.5,60804.0
2200.0,2.0,1.0,1581.5,60804.0
2200.0,1.0,1.0,1581.5,60804.0
2200.0,1.0,1.0,1581.5,60804.0
2200.0,2.0,2.0,1581.5,60804.0
2200.0,1.0,1.0,1581.5,60804.0
2200.0,1.0,1.0,1581.5,60804.0
2200.0,3.0,2.0,146.2,55861.0
2200.0,4.0,3.0,45.1,48765.0
2200.0,3.0,2.0,146.2,55861.0
2200.0,4.0,3.0,45.1,48765.0
2200.0,3.0,2.0,76.0,49272.0
2200.0,3.0,1.0,76.0,49272.0
2200.0,2.0,2.0,77.5,52284.0
2200.0,2.0,1.0,1581.5,60804.0
2200.0,2.0,1.0,1581.5,60804.0
2200.0,2.0,1.0,1581.5,60804.0
2200.0,3.0,2.0,94.3,53018.0
2200.0,2.0,3.0,146.2,55861.0
2200.0,3.0,3.0,169.1,45905.0
2200.0,2.0,3.0,94.3,53018.0
2200.0,1.0,1.0,1581.5,60804.0
2200.0,2.0,2.0,1581.5,60804.0
2200.0,1.0,1.0,1581.5,60804.0
2200.0,2.0,2.0,94.3,53018.0
2200.0,3.0,3.0,41.6,44108.0
2200.0,2.0,3.0,77.5,52284.0
2200.0,2.0,2.0,1581.5,60804.0
2200.0,2.0,2.0,1581.5,60804.0
2200.0,3.0,3.0,41.6,44108.0
2200.0,3.0,1.0,1581.5,60804.0
2200.0,2.0,1.0,1581.5,60804.0
2200.0,2.0,2.0,1581.5,60804.0
2200.0,2.0,2.0,1581.5,60804.0
2200.0,2.0,1.0,1581.5,60804.0
2200.0,5.0,3.0,169.1,45905.0
2200.0,4.0,2.0,52.3,46782.0
2205.0,1.0,1.0,1581.5,60804.0
2213.0,1.0,2.0,1581.5,60804.0
2213.0,4.0,2.0,1581.5,60804.0
2224.0,2.0,2.0,1581.5,60804.0
2229.0,4.0,5.0,45.1,48765.0
2230.0,1.0,1.0,1581.5,60804.0
2230.0,2.0,1.0,1581.5,60804.0
2231.0,2.0,1.0,1581.5,60804.0
2235.0,2.0,1.0,45.1,48765.0
2237.0,2.0,1.0,146.2,55861.0
2244.0,2.0,1.0,1581.5,60804.0
2374.0,2.0,2.0,1581.5,60804.0
2250.0,4.0,1.0,76.9,55361.0
2250.0,3.0,3.0,94.3,53018.0
2250.0,1.0,1.0,1581.5,60804.0
2250.0,2.0,1.0,1581.5,60804.0
2250.0,1.0,1.0,1581.5,60804.0
2250.0,2.0,1.0,1581.5,60804.0
2250.0,2.0,2.0,1581.5,60804.0
2250.0,2.0,2.0,1581.5,60804.0
2250.0,1.0,1.0,1581.5,60804.0
2250.0,2.0,2.0,1581.5,60804.0
2250.0,2.0,1.0,76.0,49272.0
2250.0,2.0,1.0,1581.5,60804.0
2250.0,3.0,1.0,76.0,49272.0
2250.0,3.0,3.0,76.0,49272.0
2250.0,1.0,1.0,1581.5,60804.0
2250.0,2.0,2.0,1581.5,60804.0
2250.0,2.0,1.0,1581.5,60804.0
2250.0,1.0,1.0,76.0,49272.0
2250.0,1.0,1.0,1581.5,60804.0
2250.0,3.0,3.0,76.0,49272.0
2250.0,1.0,2.0,1581.5,60804.0
2250.0,2.0,2.0,1581.5,60804.0
2253.0,1.0,1.0,1581.5,60804.0
2260.0,2.0,2.0,1581.5,60804.0
2260.0,3.0,2.0,1581.5,60804.0
2263.0,2.0,2.0,1581.5,60804.0
2273.0,1.0,1.0,1581.5,60804.0
2275.0,4.0,3.0,52.3,46782.0
2280.0,3.0,2.0,1581.5,60804.0
2281.125,2.0,2.0,45.1,48765.0
2290.0,1.0,1.0,1581.5,60804.0
2295.0,1.0,1.0,1581.5,60804.0
2295.0,2.0,2.0,1581.5,60804.0
2295.0,2.0,1.0,1581.5,60804.0
2300.0,4.0,2.0,68.6,46308.0
2300.0,2.0,1.0,77.5,52284.0
2300.0,1.0,2.0,76.0,49272.0
2300.0,3.0,1.0,169.1,45905.0
2300.0,3.0,3.0,76.9,55361.0
2300.0,2.0,1.0,1581.5,60804.0
2300.0,4.0,3.0,68.6,46308.0
2300.0,2.0,1.0,1581.5,60804.0
2300.0,4.0,1.0,76.0,49272.0
2300.0,1.0,1.0,1581.5,60804.0
2300.0,1.0,1.0,1581.5,60804.0
2300.0,2.0,2.0,45.1,48765.0
2300.0,2.0,1.0,1581.5,60804.0
2300.0,2.0,1.0,1581.5,60804.0
2300.0,4.0,2.0,68.6,46308.0
2300.0,3.0,3.0,146.2,55861.0
2300.0,2.0,1.0,1581.5,60804.0
2300.0,3.0,2.0,42.9,41418.0
2300.0,3.0,3.0,37.1,48576.0
2300.0,2.0,1.0,1581.5,60804.0
2300.0,4.0,2.0,68.6,46308.0
2300.0,1.0,1.0,1581.5,60804.0
2300.0,3.0,1.0,146.2,55861.0
2300.0,3.0,1.0,94.3,53018.0
2300.0,2.0,2.0,77.5,52284.0
2300.0,2.0,1.0,1581.5,60804.0
2300.0,3.0,3.0,76.0,49272.0
2300.0,3.0,1.0,76.0,49272.0
2300.0,4.0,3.0,77.5,52284.0
2300.0,2.0,2.0,1581.5,60804.0
2300.0,2.0,2.0,1581.5,60804.0
2300.0,2.0,2.0,1581.5,60804.0
2300.0,4.0,3.0,77.5,52284.0
2300.0,2.0,2.0,1581.5,60804.0
2300.0,2.0,1.0,1581.5,60804.0
2300.0,3.0,1.0,1581.5,60804.0
2300.0,2.0,1.0,1581.5,60804.0
2300.0,3.0,1.0,1581.5,60804.0
2316.0,2.0,2.0,1581.5,60804.0
2320.0,2.0,2.0,1581.5,60804.0
2321.0,3.0,2.0,1581.5,60804.0
2330.0,2.0,1.0,1581.5,60804.0
2339.0,1.0,1.0,1581.5,60804.0
2345.0,3.0,3.0,1581.5,60804.0
2347.0,2.0,2.0,1581.5,60804.0
2350.0,2.0,2.0,1581.5,60804.0
2350.0,2.0,1.0,1581.5,60804.0
2350.0,2.0,1.0,1581.5,60804.0
2350.0,1.0,1.0,1581.5,60804.0
2350.0,2.0,2.0,1581.5,60804.0
2350.0,2.0,1.0,1581.5,60804.0
2350.0,2.0,1.0,77.5,52284.0
2350.0,2.0,1.0,1581.5,60804.0
2350.0,2.0,1.0,1581.5,60804.0
2350.0,1.0,1.0,1581.5,60804.0
2350.0,3.0,3.0,169.1,45905.0
2350.0,2.0,1.0,1581.5,60804.0
2350.0,2.0,1.0,1581.5,60804.0
2365.0,3.0,2.0,77.5,52284.0
2369.0,3.0,1.0,94.3,53018.0
2375.0,3.0,3.0,1581.5,60804.0
2376.0,2.0,2.0,1581.5,60804.0
2381.0,2.0,1.0,1581.5,60804.0
2390.0,3.0,2.0,1581.5,60804.0
2393.0,3.0,1.0,1581.5,60804.0
2394.0,2.0,1.0,1581.5,60804.0
2395.0,2.0,1.0,1581.5,60804.0
2395.0,2.0,2.0,1581.5,60804.0
2395.0,2.0,2.0,1581.5,60804.0
2395.0,2.0,1.0,1581.5,60804.0
2396.0,2.0,2.0,146.2,55861.0
2400.0,4.0,2.0,76.0,49272.0
2400.0,2.0,2.0,146.2,55861.0
2400.0,3.0,2.0,94.3,53018.0
2400.0,3.0,1.0,146.2,55861.0
2400.0,4.0,3.0,39.0,44678.0
2400.0,5.0,4.0,42.3,43183.0
2400.0,2.0,2.0,1581.5,60804.0
2400.0,2.0,2.0,77.5,52284.0
2400.0,3.0,1.0,77.5,52284.0
2400.0,3.0,3.0,169.1,45905.0
2400.0,2.0,2.0,1581.5,60804.0
2400.0,3.0,4.0,77.5,52284.0
2400.0,3.0,2.0,77.5,52284.0
2400.0,3.0,1.0,1581.5,60804.0
2400.0,4.0,4.0,45.1,48765.0
2400.0,3.0,1.0,77.5,52284.0
2400.0,1.0,1.0,1581.5,60804.0
2400.0,4.0,2.0,76.0,49272.0
2400.0,1.0,1.0,1581.5,60804.0
2400.0,2.0,1.0,1581.5,60804.0
2400.0,2.0,1.0,1581.5,60804.0
2400.0,2.0,2.0,76.0,49272.0
2400.0,3.0,2.0,1581.5,60804.0
2400.0,2.0,1.0,1581.5,60804.0
2400.0,3.0,1.0,1581.5,60804.0
2400.0,2.0,2.0,1581.5,60804.0
2400.0,3.0,2.0,76.9,55361.0
2400.0,1.0,1.0,1581.5,60804.0
2400.0,2.0,2.0,1581.5,60804.0
2400.0,2.0,1.0,1581.5,60804.0
2400.0,3.0,1.0,1581.5,60804.0
2400.0,2.0,1.0,1581.5,60804.0
2400.0,2.0,1.0,1581.5,60804.0
2400.0,2.0,2.0,1581.5,60804.0
2400.0,1.0,1.0,1581.5,60804.0
2400.0,2.0,2.0,1581.5,60804.0
2400.0,3.0,1.0,1581.5,60804.0
2413.0,2.0,2.0,1581.5,60804.0
2417.0,2.0,2.0,1581.5,60804.0
2424.0,2.0,2.0,1581.5,60804.0
2425.0,2.0,2.0,1581.5,60804.0
2426.0,2.0,2.0,1581.5,60804.0
2448.0,4.0,3.0,146.2,55861.0
2450.0,3.0,2.0,76.9,55361.0
2450.0,1.0,1.0,1581.5,60804.0
2450.0,2.0,2.0,1581.5,60804.0
2450.0,2.0,1.0,1581.5,60804.0
2450.0,2.0,2.0,1581.5,60804.0
2450.0,2.0,1.0,1581.5,60804.0
2450.0,4.0,3.0,45.1,48765.0
2450.0,1.0,1.0,1581.5,60804.0
2450.0,2.0,2.0,1581.5,60804.0
2460.0,3.0,1.0,1581.5,60804.0
2461.0,2.0,2.0,1581.5,60804.0
2462.0,4.0,2.0,77.5,52284.0
2462.0,2.0,1.0,1581.5,60804.0
2465.0,2.0,1.0,1581.5,60804.0
2475.0,2.0,1.0,1581.5,60804.0
2475.0,2.0,1.0,1581.5,60804.0
2475.0,1.0,1.0,1581.5,60804.0
2495.0,2.0,2.0,1581.5,60804.0
2495.0,3.0,4.0,37.1,48576.0
2495.0,2.0,2.0,1581.5,60804.0
2495.0,2.0,2.0,1581.5,60804.0
2499.0,2.0,1.0,1581.5,60804.0
2500.0,1.0,1.0,1581.5,60804.0
2500.0,3.0,1.0,76.9,55361.0
2500.0,4.0,3.0,53.4,46563.0
2500.0,3.0,1.0,146.2,55861.0
2500.0,3.0,1.0,52.3,46782.0
2500.0,3.0,1.0,76.0,49272.0
2500.0,5.0,5.0,32.5,42674.0
2500.0,3.0,1.0,1581.5,60804.0
2500.0,2.0,1.0,1581.5,60804.0
2500.0,4.0,3.0,52.3,46782.0
2500.0,6.0,5.0,53.4,46563.0
2500.0,2.0,1.0,1581.5,60804.0
2500.0,4.0,4.0,24.7,43480.0
2500.0,2.0,2.0,1581.5,60804.0
2500.0,2.0,1.0,1581.5,60804.0
2500.0,3.0,3.0,76.0,49272.0
2500.0,2.0,1.0,1581.5,60804.0
2500.0,4.0,4.0,24.7,43480.0
2500.0,2.0,1.0,1581.5,60804.0
2500.0,2.0,2.0,1581.5,60804.0
2500.0,2.0,3.0,146.2,55861.0
2500.0,2.0,2.0,1581.5,60804.0
2500.0,2.0,2.0,1581.5,60804.0
2500.0,3.0,1.0,1581.5,60804.0
2500.0,2.0,2.0,1581.5,60804.0
2500.0,4.0,6.0,52.3,46782.0
2500.0,4.0,5.0,42.3,43183.0
2500.0,3.0,3.0,77.5,52284.0
2500.0,3.0,2.0,94.3,53018.0
2500.0,3.0,3.0,77.5,52284.0
2500.0,4.0,4.0,42.3,43183.0
2500.0,2.0,1.0,1581.5,60804.0
2500.0,2.0,1.0,1581.5,60804.0
2500.0,2.0,1.0,1581.5,60804.0
2500.0,2.0,1.0,1581.5,60804.0
2500.0,3.0,3.0,77.5,52284.0
2500.0,3.0,1.0,1581.5,60804.0
2500.0,2.0,2.0,1581.5,60804.0
2500.0,1.0,1.0,1581.5,60804.0
2500.0,2.0,2.0,45.1,48765.0
2500.0,2.0,2.0,1581.5,60804.0
2500.0,4.0,3.0,39.0,44678.0
2500.0,4.0,3.0,45.1,48765.0
2500.0,3.0,2.0,45.1,48765.0
2500.0,4.0,1.0,45.1,48765.0
2500.0,2.0,1.0,76.0,49272.0
2500.0,2.0,2.0,1581.5,60804.0
2500.0,3.0,2.0,1581.5,60804.0
2500.0,3.0,1.0,1581.5,60804.0
2500.0,4.0,3.0,50.2,46510.0
2500.0,2.0,1.0,1581.5,60804.0
2500.0,2.0,1.0,76.9,55361.0
2500.0,2.0,1.0,146.2,55861.0
2500.0,4.0,2.0,76.0,49272.0
2500.0,4.0,2.0,76.0,49272.0
2500.0,5.0,2.0,68.6,46308.0
2500.0,2.0,2.0,1581.5,60804.0
2500.0,4.0,3.0,39.0,44678.0
2500.0,2.0,1.0,1581.5,60804.0
2500.0,2.0,2.0,1581.5,60804.0
2500.0,2.0,2.0,1581.5,60804.0
2500.0,2.0,1.0,1581.5,60804.0
2500.0,4.0,4.0,77.5,52284.0
2500.0,2.0,2.0,1581.5,60804.0
2500.0,2.0,2.0,1581.5,60804.0
2500.0,2.0,2.0,1581.5,60804.0
2500.0,2.0,2.0,1581.5,60804.0
2500.0,2.0,1.0,1581.5,60804.0
2500.0,2.0,1.0,1581.5,60804.0
2500.0,3.0,3.0,146.2,55861.0
2500.0,3.0,2.0,1581.5,60804.0
2500.0,3.0,3.0,1581.5,60804.0
2500.0,2.0,2.0,1581.5,60804.0
2500.0,3.0,2.0,1581.5,60804.0
2500.0,2.0,1.0,77.5,52284.0
2503.0,2.0,1.0,1581.5,60804.0
2510.0,2.0,1.0,1581.5,60804.0
2520.0,2.0,2.0,1581.5,60804.0
2525.0,2.0,2.0,1581.5,60804.0
2533.0,3.0,1.0,1581.5,60804.0
2535.0,2.0,2.0,1581.5,60804.0
2540.0,1.0,1.0,1581.5,60804.0
2548.0,2.0,1.0,1581.5,60804.0
2550.0,3.0,1.0,94.3,53018.0
2550.0,3.0,2.0,77.5,52284.0
2550.0,2.0,1.0,1581.5,60804.0
2557.0,2.0,1.0,1581.5,60804.0
2568.0,2.0,1.0,1581.5,60804.0
2580.0,2.0,1.0,1581.5,60804.0
2586.0,2.0,2.0,1581.5,60804.0
2595.0,2.0,1.0,1581.5,60804.0
2595.0,1.0,1.0,1581.5,60804.0
2595.0,2.0,1.0,1581.5,60804.0
2597.0,3.0,2.0,1581.5,60804.0
2600.0,3.0,2.0,146.2,55861.0
2600.0,3.0,3.0,146.2,55861.0
2600.0,3.0,2.0,76.0,49272.0
2600.0,4.0,3.0,146.2,55861.0
2600.0,3.0,1.0,1581.5,60804.0
2600.0,3.0,3.0,77.5,52284.0
2600.0,7.0,4.0,77.5,52284.0
2600.0,3.0,2.0,1581.5,60804.0
2600.0,2.0,3.0,1581.5,60804.0
2600.0,3.0,1.0,1581.5,60804.0
2600.0,2.0,3.0,1581.5,60804.0
2600.0,2.0,2.0,146.2,55861.0
2600.0,2.0,2.0,45.1,48765.0
2600.0,2.0,1.0,1581.5,60804.0
2600.0,2.0,1.0,1581.5,60804.0
2600.0,2.0,2.0,1581.5,60804.0
2600.0,3.0,1.0,1581.5,60804.0
2600.0,2.0,2.0,1581.5,60804.0
2600.0,4.0,3.0,76.0,49272.0
2600.0,2.0,2.0,1581.5,60804.0
2600.0,2.0,2.0,1581.5,60804.0
2600.0,2.0,1.0,1581.5,60804.0
2600.0,1.0,1.0,1581.5,60804.0
2600.0,2.0,1.0,1581.5,60804.0
2600.0,2.0,2.0,1581.5,60804.0
2600.0,2.0,1.0,1581.5,60804.0
2600.0,3.0,2.0,1581.5,60804.0
2607.0,2.0,2.0,45.1,48765.0
2607.0,4.0,1.0,69.3,42906.0
2607.0,1.0,1.0,1581.5,60804.0
2608.0,3.0,3.0,77.5,52284.0
2608.0,4.0,3.0,76.9,55361.0
2611.0,3.0,2.0,1581.5,60804.0
2613.0,3.0,3.0,146.2,55861.0
2613.0,2.0,2.0,1581.5,60804.0
2618.0,4.0,2.0,77.5,52284.0
2630.0,3.0,3.0,77.5,52284.0
2631.0,4.0,2.0,1581.5,60804.0
2633.0,2.0,2.0,1581.5,60804.0
2650.0,2.0,2.0,1581.5,60804.0
2650.0,4.0,2.0,94.3,53018.0
2650.0,3.0,3.0,169.1,45905.0
2650.0,2.0,2.0,1581.5,60804.0
2650.0,3.0,1.0,1581.5,60804.0
2650.0,2.0,2.0,76.9,55361.0
2653.0,2.0,2.0,1581.5,60804.0
2655.0,2.0,1.0,1581.5,60804.0
2680.0,3.0,3.0,146.2,55861.0
2690.0,1.0,1.0,1581.5,60804.0
2695.0,2.0,1.0,1581.5,60804.0
2699.0,3.0,1.0,1581.5,60804.0
2700.0,3.0,3.0,76.0,49272.0
2700.0,4.0,3.0,146.2,55861.0
2700.0,2.0,1.0,1581.5,60804.0
2700.0,3.0,2.0,1581.5,60804.0
2700.0,3.0,3.0,1581.5,60804.0
2700.0,2.0,1.0,1581.5,60804.0
2700.0,2.0,1.0,1581.5,60804.0
2700.0,3.0,2.0,1581.5,60804.0
2700.0,4.0,3.0,76.9,55361.0
2700.0,3.0,1.0,1581.5,60804.0
2700.0,4.0,2.0,45.1,48765.0
2700.0,3.0,3.0,76.0,49272.0
2700.0,3.0,3.0,1581.5,60804.0
2700.0,3.0,2.0,1581.5,60804.0
2700.0,2.0,2.0,1581.5,60804.0
2700.0,2.0,1.0,1581.5,60804.0
2700.0,3.0,1.0,1581.5,60804.0
2700.0,5.0,3.0,50.2,46510.0
2704.0,3.0,3.0,1581.5,60804.0
2707.0,2.0,3.0,1581.5,60804.0
2710.0,2.0,1.0,1581.5,60804.0
2750.0,4.0,2.0,77.5,52284.0
2750.0,4.0,3.0,76.9,55361.0
2750.0,1.0,1.0,1581.5,60804.0
2750.0,2.0,2.0,1581.5,60804.0
2750.0,1.0,1.0,1581.5,60804.0
2750.0,1.0,1.0,1581.5,60804.0
2750.0,2.0,1.0,1581.5,60804.0
2750.0,2.0,2.0,1581.5,60804.0
2750.0,4.0,3.0,52.3,46782.0
2750.0,3.0,2.0,1581.5,60804.0
2750.0,3.0,3.0,1581.5,60804.0
2750.0,4.0,2.0,76.0,49272.0
2750.0,3.0,1.0,76.9,55361.0
2750.0,2.0,2.0,1581.5,60804.0
2750.0,2.0,2.0,1581.5,60804.0
2750.0,3.0,2.0,1581.5,60804.0
2750.0,3.0,3.0,1581.5,60804.0
2750.0,4.0,2.0,76.0,49272.0
2750.0,3.0,1.0,76.9,55361.0
2755.0,2.0,2.0,1581.5,60804.0
2607.0,3.0,2.0,1581.5,60804.0
2786.0,3.0,1.0,1581.5,60804.0
2791.0,2.0,2.0,1581.5,60804.0
2795.0,2.0,2.0,1581.5,60804.0
2800.0,3.0,1.0,1581.5,60804.0
2800.0,4.0,3.0,77.5,52284.0
2800.0,4.0,3.0,45.1,48765.0
2800.0,3.0,3.0,1581.5,60804.0
2800.0,2.0,2.0,45.1,48765.0
2800.0,2.0,2.0,1581.5,60804.0
2800.0,3.0,2.0,1581.5,60804.0
2800.0,3.0,1.0,1581.5,60804.0
2800.0,5.0,3.0,146.2,55861.0
2800.0,3.0,3.0,1581.5,60804.0
2800.0,4.0,3.0,77.5,52284.0
2800.0,3.0,3.0,94.3,53018.0
2800.0,4.0,5.0,52.3,46782.0
2800.0,3.0,2.0,1581.5,60804.0
2800.0,2.0,2.0,1581.5,60804.0
2800.0,2.0,1.0,1581.5,60804.0
2800.0,2.0,2.0,1581.5,60804.0
2800.0,5.0,2.0,77.5,52284.0
2800.0,3.0,1.0,1581.5,60804.0
2800.0,3.0,1.0,1581.5,60804.0
2800.0,2.0,2.0,1581.5,60804.0
2800.0,4.0,3.0,146.2,55861.0
2800.0,3.0,3.0,77.5,52284.0
2800.0,2.0,2.0,1581.5,60804.0
2800.0,2.0,2.0,1581.5,60804.0
2800.0,3.0,2.0,1581.5,60804.0
2800.0,3.0,3.0,1581.5,60804.0
2800.0,3.0,2.0,1581.5,60804.0
2800.0,2.0,2.0,1581.5,60804.0
2800.0,4.0,3.0,76.0,49272.0
2800.0,4.0,3.0,76.0,49272.0
2800.0,2.0,1.0,1581.5,60804.0
2800.0,3.0,1.0,1581.5,60804.0
2800.0,3.0,2.0,1581.5,60804.0
2800.0,4.0,1.0,1581.5,60804.0
2800.0,4.0,3.0,1581.5,60804.0
2800.0,4.0,4.0,76.0,49272.0
2800.0,2.0,2.0,1581.5,60804.0
2806.0,2.0,1.0,1581.5,60804.0
2809.0,2.0,2.0,1581.5,60804.0
2815.0,4.0,3.0,146.2,55861.0
2817.0,2.0,1.0,1581.5,60804.0
2825.0,3.0,3.0,1581.5,60804.0
2839.0,3.0,3.0,146.2,55861.0
2839.0,2.0,2.0,1581.5,60804.0
2850.0,4.0,4.0,76.0,49272.0
2850.0,2.0,2.0,1581.5,60804.0
2850.0,2.0,2.0,1581.5,60804.0
2850.0,2.0,2.0,1581.5,60804.0
2850.0,2.0,1.0,1581.5,60804.0
2850.0,2.0,1.0,1581.5,60804.0
2850.0,1.0,1.0,1581.5,60804.0
2850.0,4.0,2.0,1581.5,60804.0
2853.0,2.0,2.0,1581.5,60804.0
2900.0,3.0,1.0,1581.5,60804.0
2900.0,8.0,4.0,32.5,42674.0
2900.0,3.0,1.0,1581.5,60804.0
2900.0,5.0,4.0,94.3,53018.0
2900.0,2.0,1.0,1581.5,60804.0
2900.0,3.0,2.0,37.1,48576.0
2900.0,3.0,2.0,1581.5,60804.0
2900.0,3.0,2.0,76.9,55361.0
2900.0,4.0,4.0,146.2,55861.0
2900.0,2.0,2.0,1581.5,60804.0
2900.0,2.0,2.0,1581.5,60804.0
2917.0,2.0,2.0,1581.5,60804.0
2919.0,4.0,3.0,146.2,55861.0
2930.0,3.0,2.0,1581.5,60804.0
2940.0,2.0,2.0,1581.5,60804.0
2940.0,3.0,3.0,76.9,55361.0
2942.0,2.0,1.0,1581.5,60804.0
2949.0,3.0,3.0,1581.5,60804.0
2950.0,3.0,3.0,1581.5,60804.0
2950.0,5.0,5.0,77.5,52284.0
2950.0,2.0,2.0,1581.5,60804.0
2950.0,2.0,1.0,1581.5,60804.0
2950.0,4.0,3.0,1581.5,60804.0
2950.0,2.0,1.0,76.9,55361.0
2950.0,3.0,2.0,76.9,55361.0
2950.0,1.0,1.0,1581.5,60804.0
2950.0,1.0,1.0,1581.5,60804.0
2952.0,3.0,1.0,1581.5,60804.0
2975.0,3.0,3.0,1581.5,60804.0
2975.0,2.0,2.0,1581.5,60804.0
2975.0,2.0,3.0,77.5,52284.0
2990.0,3.0,3.0,76.9,55361.0
2995.0,3.0,2.0,1581.5,60804.0
2995.0,2.0,2.0,1581.5,60804.0
2995.0,3.0,1.0,1581.5,60804.0
2999.0,2.0,2.0,1581.5,60804.0
3000.0,4.0,2.0,146.2,55861.0
3000.0,6.0,6.0,45.1,48765.0
3000.0,3.0,3.0,76.0,49272.0
3000.0,4.0,3.0,146.2,55861.0
3000.0,3.0,3.0,77.5,52284.0
3000.0,6.0,6.0,34.4,39156.0
3000.0,4.0,3.0,76.0,49272.0
3000.0,4.0,3.0,32.5,42674.0
3000.0,4.0,4.0,1581.5,60804.0
3000.0,2.0,2.0,1581.5,60804.0
3000.0,4.0,4.0,77.5,52284.0
3000.0,2.0,2.0,1581.5,60804.0
3000.0,4.0,2.0,1581.5,60804.0
3000.0,4.0,3.0,39.0,44678.0
3000.0,3.0,2.0,45.1,48765.0
3000.0,4.0,4.0,77.5,52284.0
3000.0,2.0,2.0,1581.5,60804.0
3000.0,3.0,2.0,1581.5,60804.0
3000.0,3.0,2.0,76.9,55361.0
3000.0,3.0,1.0,1581.5,60804.0
3000.0,3.0,2.0,1581.5,60804.0
3000.0,4.0,3.0,39.0,44678.0
3000.0,2.0,2.0,1581.5,60804.0
3000.0,3.0,2.0,1581.5,60804.0
3000.0,2.0,2.0,1581.5,60804.0
3000.0,2.0,2.0,1581.5,60804.0
3000.0,4.0,3.0,45.1,48765.0
3000.0,3.0,2.0,45.1,48765.0
3000.0,4.0,3.0,94.3,53018.0
3000.0,4.0,2.0,146.2,55861.0
3000.0,3.0,3.0,76.9,55361.0
3000.0,3.0,2.0,1581.5,60804.0
3000.0,2.0,2.0,1581.5,60804.0
3000.0,3.0,2.0,1581.5,60804.0
3011.0,2.0,2.0,1581.5,60804.0
3017.0,2.0,2.0,1581.5,60804.0
3018.0,2.0,2.0,1581.5,60804.0
3024.0,4.0,2.0,1581.5,60804.0
3041.5,1.0,1.0,1581.5,60804.0
3079.0,3.0,3.0,1581.5,60804.0
3079.0,3.0,3.0,1581.5,60804.0
3079.0,3.0,3.0,1581.5,60804.0
3081.0,4.0,2.0,1581.5,60804.0
3081.0,2.0,2.0,1581.5,60804.0
3100.0,3.0,3.0,1581.5,60804.0
3100.0,3.0,2.0,1581.5,60804.0
3100.0,3.0,3.0,1581.5,60804.0
3100.0,2.0,2.0,1581.5,60804.0
3100.0,2.0,2.0,1581.5,60804.0
3100.0,2.0,1.0,1581.5,60804.0
3100.0,2.0,1.0,1581.5,60804.0
3100.0,2.0,1.0,1581.5,60804.0
3114.0,3.0,2.0,1581.5,60804.0
3120.0,3.0,2.0,1581.5,60804.0
3150.0,3.0,2.0,146.2,55861.0
3150.0,2.0,3.0,1581.5,60804.0
3150.0,3.0,2.0,1581.5,60804.0
3171.0,2.0,2.0,1581.5,60804.0
3195.0,4.0,4.0,146.2,55861.0
3200.0,3.0,2.0,1581.5,60804.0
3200.0,5.0,4.0,94.3,53018.0
3200.0,5.0,3.0,45.1,48765.0
3200.0,3.0,2.0,146.2,55861.0
3200.0,4.0,2.0,77.5,52284.0
3200.0,3.0,2.0,1581.5,60804.0
3200.0,4.0,2.0,1581.5,60804.0
3200.0,2.0,2.0,1581.5,60804.0
3200.0,4.0,3.0,1581.5,60804.0
3200.0,2.0,1.0,1581.5,60804.0
3200.0,3.0,2.0,1581.5,60804.0
3200.0,3.0,2.0,1581.5,60804.0
3200.0,2.0,2.0,1581.5,60804.0
3250.0,3.0,2.0,1581.5,60804.0
3250.0,2.0,2.0,1581.5,60804.0
3250.0,3.0,2.0,1581.5,60804.0
3250.0,2.0,2.0,1581.5,60804.0
3250.0,3.0,3.0,146.2,55861.0
3250.0,4.0,1.0,1581.5,60804.0
3250.0,3.0,1.0,1581.5,60804.0
3250.0,3.0,1.0,1581.5,60804.0
3258.75,2.0,2.0,45.1,48765.0
3300.0,3.0,2.0,1581.5,60804.0
3300.0,2.0,2.0,1581.5,60804.0
3300.0,4.0,2.0,146.2,55861.0
3300.0,3.0,1.0,1581.5,60804.0
3300.0,4.0,3.0,76.9,55361.0
3308.0,3.0,3.0,1581.5,60804.0
3315.0,2.0,2.0,1581.5,60804.0
3349.0,2.0,2.0,1581.5,60804.0
3350.0,3.0,1.0,1581.5,60804.0
3350.0,3.0,2.0,1581.5,60804.0
3350.0,3.0,2.0,1581.5,60804.0
3351.0,4.0,2.0,1581.5,60804.0
3360.0,4.0,3.0,45.1,48765.0
3380.0,3.0,3.0,76.9,55361.0
3400.0,3.0,2.0,1581.5,60804.0
3400.0,4.0,3.0,1581.5,60804.0
3400.0,4.0,2.0,76.0,49272.0
3400.0,4.0,2.0,1581.5,60804.0
3400.0,4.0,3.0,1581.5,60804.0
3400.0,3.0,3.0,1581.5,60804.0
3408.0,4.0,3.0,1581.5,60804.0
3430.0,2.0,2.0,1581.5,60804.0
3437.0,2.0,2.0,1581.5,60804.0
3450.0,2.0,2.0,1581.5,60804.0
3495.0,4.0,2.0,76.9,55361.0
3495.0,3.0,1.0,1581.5,60804.0
3498.0,2.0,2.0,1581.5,60804.0
3500.0,2.0,1.0,1581.5,60804.0
3500.0,4.0,1.0,1581.5,60804.0
3500.0,3.0,2.0,1581.5,60804.0
3500.0,3.0,1.0,1581.5,60804.0
3500.0,5.0,3.0,76.9,55361.0
3500.0,3.0,3.0,1581.5,60804.0
3500.0,2.0,2.0,1581.5,60804.0
3500.0,2.0,2.0,1581.5,60804.0
3500.0,2.0,2.0,1581.5,60804.0
3500.0,2.0,2.0,1581.5,60804.0
3500.0,3.0,2.0,1581.5,60804.0
3500.0,3.0,2.0,1581.5,60804.0
3500.0,2.0,2.0,1581.5,60804.0
3500.0,5.0,4.0,169.1,45905.0
3500.0,2.0,2.0,1581.5,60804.0
3500.0,2.0,3.0,1581.5,60804.0
3500.0,5.0,4.0,77.5,52284.0
3500.0,2.0,2.0,1581.5,60804.0
3500.0,3.0,2.0,1581.5,60804.0
3500.0,4.0,2.0,1581.5,60804.0
3500.0,4.0,4.0,76.0,49272.0
3500.0,2.0,2.0,1581.5,60804.0
3500.0,4.0,3.0,77.5,52284.0
3500.0,3.0,1.0,76.9,55361.0
3500.0,3.0,2.0,1581.5,60804.0
3500.0,4.0,3.0,1581.5,60804.0
3500.0,6.0,4.0,169.1,45905.0
3500.0,2.0,3.0,1581.5,60804.0
3500.0,3.0,3.0,1581.5,60804.0
3570.0,4.0,2.0,1581.5,60804.0
3600.0,3.0,2.0,1581.5,60804.0
3600.0,4.0,3.0,45.1,48765.0
3600.0,5.0,4.0,77.5,52284.0
3650.0,3.0,2.0,1581.5,60804.0
3672.0,2.0,1.0,1581.5,60804.0
3693.0,2.0,3.0,1581.5,60804.0
3693.25,4.0,2.0,94.3,53018.0
3700.0,2.0,2.0,1581.5,60804.0
3700.0,4.0,1.0,1581.5,60804.0
3730.0,2.0,2.0,1581.5,60804.0
3736.7,4.0,4.0,76.0,49272.0
3750.0,3.0,2.0,1581.5,60804.0
3750.0,3.0,2.0,1581.5,60804.0
3750.0,4.0,2.0,1581.5,60804.0
3750.0,5.0,6.0,52.3,46782.0
3750.0,4.0,3.0,32.5,42674.0
3750.0,2.0,2.0,1581.5,60804.0
3800.0,4.0,4.0,146.2,55861.0
3800.0,4.0,2.0,77.5,52284.0
3800.0,2.0,2.0,1581.5,60804.0
3800.0,3.0,2.0,1581.5,60804.0
3800.0,4.0,1.0,1581.5,60804.0
3850.0,2.0,2.0,1581.5,60804.0
3850.0,3.0,1.0,1581.5,60804.0
3850.0,4.0,1.0,1581.5,60804.0
3900.0,3.0,2.0,1581.5,60804.0
3900.0,4.0,2.0,146.2,55861.0
3950.0,4.0,3.0,1581.5,60804.0
3950.0,3.0,1.0,1581.5,60804.0
3985.0,3.0,3.0,1581.5,60804.0
3986.0,4.0,3.0,1581.5,60804.0
3986.0,3.0,2.0,1581.5,60804.0
3995.0,5.0,3.0,45.1,48765.0
4000.0,5.0,3.0,77.5,52284.0
4000.0,2.0,2.0,1581.5,60804.0
4000.0,3.0,4.0,76.9,55361.0
4000.0,5.0,2.0,1581.5,60804.0
4000.0,17.0,6.0,39.0,44678.0
4000.0,8.0,7.0,45.1,48765.0
4000.0,2.0,2.0,1581.5,60804.0
4000.0,5.0,4.0,169.1,45905.0
4000.0,2.0,2.0,1581.5,60804.0
4000.0,4.0,2.0,1581.5,60804.0
4000.0,2.0,2.0,1581.5,60804.0
4000.0,4.0,2.0,1581.5,60804.0
4000.0,2.0,2.0,1581.5,60804.0
4000.0,4.0,3.0,1581.5,60804.0
4000.0,4.0,4.0,1581.5,60804.0
4000.0,5.0,3.0,45.1,48765.0
4004.0,3.0,2.0,1581.5,60804.0
4093.0,3.0,3.0,1581.5,60804.0
4100.0,4.0,4.0,1581.5,60804.0
4134.0,3.0,4.0,1581.5,60804.0
4134.0,3.0,4.0,1581.5,60804.0
4150.0,4.0,2.0,1581.5,60804.0
4200.0,2.0,2.0,1581.5,60804.0
4200.0,3.0,2.0,1581.5,60804.0
4200.0,6.0,4.0,76.0,49272.0
4250.0,5.0,1.0,1581.5,60804.0
4250.0,3.0,3.0,1581.5,60804.0
4271.0,3.0,2.0,1581.5,60804.0
4301.55,2.0,1.0,76.9,55361.0
4345.0,2.0,2.0,1581.5,60804.0
4350.0,5.0,3.0,1581.5,60804.0
4350.0,4.0,3.0,1581.5,60804.0
4350.0,3.0,2.0,1581.5,60804.0
